Department,Category,Annual_Budget,Monthly_Allocation,Amount_Spent,Remaining_Budget,Variance,Avg_Monthly_Spend,Forecast_Annual_Spend,Forecast_Variance,Forecast_Overspend
CDSS - Academic & Administrative Support Unit,Payroll,3090000.0,257500.0,3002376.74,87623.25999999978,-87623.25999999978,250198.06166666668,3002376.74,-87623.25999999978,False
CDSS - Academic & Administrative Support Unit,Travel,207000.0,17250.0,159094.91999999998,47905.080000000016,-47905.080000000016,13257.909999999998,159094.91999999998,-47905.080000000016,False
CDSS - Academic & Administrative Support Unit,Equipment,330000.0,27500.0,221794.95,108205.04999999999,-108205.04999999999,18482.912500000002,221794.95,-108205.04999999999,False
CDSS - Academic & Administrative Support Unit,Operations,158400.0,13200.0,142653.31,15746.690000000002,-15746.690000000002,11887.775833333333,142653.31,-15746.690000000002,False
